Question,Answer
Is there a software engineering major at our college?,"Yes, it was available but not anymore due to the lack of students"
Are there any opportunities for training or practical application during the study period?,"Yes, There are. Universities often offer training programs with companies or local institutions to enable students to gain practical experience in different fields of computer science."
What are the core subjects in the program?,"core subjects include programming, databases, networks, information security, artificial intelligence, web and mobile application development, among others."
What are the job prospects after graduation?,"Job prospects after graduation are wide and varied. Graduates can work as software developers, network engineers, information security analysts, database administrators, specialists in web and mobile application development, and other related fields."
What are the necessary skills for success in the field of computer science?,"The necessary skills for success in the field of computer science include programming, mathematical analysis, creativity, communication skills, deep understanding of networking and cybersecurity technologies, and problem-solving abilities."
What resources are available to support international students?,"International students can join language learning courses, and special benefits such as academic counseling, social support, housing, health insurance, and cultural activities."
Are there opportunities to participate in student activities or student clubs?,"of course, students can participate in clubs activities, such as programming clubs, cybersecurity clubs, volunteering, sports, arts, and cultural activities."
What support services are available for students with disabilities or special needs within the computer science department?,"The college provides many support services for students with disabilities or special needs within the computer science department, such as: Providing assistive technology, Offering academic support, Providing suitable accommodation facilities"
What are the admission requirements for the Bachelor's program in Computer Science?,"The three important requirements are: Bachelor's degree in Mathematics or Experimental Sciences, Bachelor's success rate not less than 12/20, Passing the entrance exam"
Who is eligible to take remedial exams?,"Every student who obtains an annual grade ≥10 with or without compensation between the semesters cannot take remedial exams in any subject even if it's not acquired. If the annual grade is <10 with or without compensation between the semesters, the student is eligible to take remedial exams in subjects not acquired from the unacquired units of the unacquired semester."
What professional development opportunities are available to students to enhance their technical skills and keep up with industry developments?,"There are many professional development opportunities available to students to enhance their technical skills and keep up with industry developments, such as: Training programs, Workshops and seminars, Online training programs"
Are there any opportunities for students to gain practical experience through industry-sponsored projects or competitions?,"Yes, there are many opportunities for students to gain practical experience through industry-sponsored projects or competitions."
How can I access to university library services offline?,"There are no university library services available offline."
Are there opportunities to engage in student activities or student clubs?,"Yes, clubs host open activities that students can join."
What skills are necessary for success in the field of computer science?,"Such as: Logical thinking skills, Problem-solving skills, Analytical skills, Ability to handle electronic devices, Self-learning and continuous learning and keeping up with technology and continuous updates"
If I decided to change my major what should I do? ,"You must submit a request to change your major to the admissions and registration management and it will be studied and decided upon according to university policies."
Does the college offer additional educational programs such as language courses or personal development courses?,"Yes, the college offers additional educational programs such as language courses, workshops, and personal development programs to enhance students' skills."
What steps are necessary to communicate with a professor to request assistance or schedule a consultation?,"You can communicate with your professor via email or visit their office during announced student reception hours."
What are the differences between a thesis and scientific research in the master's program?,"A thesis is a research work undertaken by the student at the end of the master's program and submitted as a requirement for graduation, whereas scientific research refers to the research and studies conducted by the student during their period of study."
Does the college offer training courses (workshops) for students?,"Yes, the college offers several training courses and workshops for students in various fields of computer science, such as: Computer programming, Networks, Operating systems, Databases, Artificial intelligence, Cyber security"
What specializations are available in the graduate program in computer science?,"Master of Computer Science, Master of Software Engineering, Master of Information Systems, Master of Distributed Networks and Computing, Master of Information Security, Ph.D. in Computer Science"
What are the job opportunities for computer science graduates?,"There are many job opportunities for computer science graduates in various fields, such as: Programming, Software development, Data analysis, Information security, Networks, Project management"
How many specializations are there in the master's degree?,"There are 5 specializations in the master's degree."
What are the admission rates for master's specializations?,"Admission rates for master's specializations vary depending on the specialization."
Are there any available professional development opportunities for students to enhance their technical skills and keep up with industry advancements?,"There are many professional development opportunities available for students to enhance their technical skills and keep up with industry advancements, such as: Training programs, Workshops and seminars, Online training programs"
How does the college support initiatives or student-led clubs focusing on specific areas of interest in computer science?,"The college supports initiatives or student-led clubs focusing on specific areas of interest in computer science by: Providing funding, Offering space, Providing support"
Are there opportunities for students to gain practical experience through industry-sponsored projects or competitions?,"Yes, there are many opportunities for students to gain practical experience through industry-sponsored projects or competitions."
What are the employment opportunities after obtaining a master's degree compared to a bachelor's degree?,"Generally, holders of a master's degree can benefit from more specialized and advanced employment opportunities in their chosen fields, while more general and widely available job opportunities may be accessible to bachelor's degree holders."
Are there differences in the requirements and challenges between students in the master's program and the bachelor's program?,"Yes, often the requirements and challenges in the master's program are more demanding and complex compared to the bachelor's program, as it requires students to engage in advanced research and produce scholarly theses and dissertations."
Existe-t-il une spécialisation en génie logiciel dans notre collège ?,"Oui c'était disponible mais plus maintenant faute d'étudiants"
Y a-t-il des possibilités de formation ou de mise en pratique pendant la période d'études ?, "Oui il y en a. Les universités proposent souvent des programmes de formation avec des entreprises ou des institutions locales pour permettre aux étudiants d'acquérir une expérience pratique dans différents domaines de l'informatique."
Quelles sont les matières principales du programme ?,"les matières de base comprennent, entre autres, la programmation, les bases de données, les réseaux, la sécurité de l'information, l'intelligence artificielle, le développement d'applications Web et mobiles."
Quelles sont les perspectives d’emploi après l’obtention du diplôme ?,"Les perspectives d’emploi après l’obtention du diplôme sont larges et variées. Les diplômés peuvent travailler en tant que développeurs de logiciels, ingénieurs réseau, analystes en sécurité de l'information, administrateurs de bases de données, spécialistes du développement d'applications Web et mobiles et dans d'autres domaines connexes."
Quelles sont les compétences nécessaires pour réussir dans le domaine de l’informatique ?,"Les compétences nécessaires pour réussir dans le domaine de l'informatique comprennent la programmation, l'analyse mathématique, la créativité, les compétences en communication, une compréhension approfondie des technologies de réseautage et de cybersécurité et des capacités de résolution de problèmes."
Quelles ressources sont disponibles pour soutenir les étudiants internationaux ?,"Les étudiants internationaux peuvent participer à des cours d'apprentissage des langues et bénéficier d'avantages spéciaux tels que des conseils académiques, un soutien social, un logement, une assurance maladie et des activités culturelles."
Existe-t-il des possibilités de participer à des activités étudiantes ou à des clubs étudiants ?,"bien entendu, les étudiants peuvent participer aux activités des clubs, comme les clubs de programmation, les clubs de cybersécurité, le bénévolat, les activités sportives, artistiques et culturelles."
Quels services de soutien sont disponibles pour les étudiants handicapés ou ayant des besoins spéciaux au sein du département d'informatique ?," Le collège offre de nombreux services de soutien aux étudiants handicapés ou ayant des besoins particuliers au sein du département d'informatique, tels que :Fournir une technologie d'assistance,Offrir un soutien académique,Fournir des installations d'hébergement adaptées"
Quelles sont les conditions d'admission au programme de baccalauréat en informatique ?,"Les trois exigences importantes sont :Baccalauréat en mathématiques ou en sciences expérimentales.,Taux de réussite au baccalauréat d'au moins 12/20.,Réussite de l'examen d'entrée."
Qui est admissible aux examens de rattrapage ?,"Tout étudiant qui obtient une note annuelle ≥10 avec ou sans compensation entre les semestres ne peut passer des examens de rattrapage dans aucune matière même si celle-ci n'est pas acquise. Si la note annuelle est < 10 avec ou sans compensation entre les semestres, l'étudiant peut passer des examens de rattrapage dans les matières non acquises dans les unités non acquises du semestre non acquis."
Quelles opportunités de développement professionnel sont offertes aux étudiants pour améliorer leurs compétences techniques et suivre l’évolution de l’industrie ?,"De nombreuses opportunités de développement professionnel s'offrent aux étudiants pour améliorer leurs compétences techniques et suivre l'évolution de l'industrie, telles que :Des programmes de formation,Ateliers et séminaires,Programmes de formation en ligne"
Existe-t-il des possibilités pour les étudiants d'acquérir une expérience pratique grâce à des projets ou des concours parrainés par l'industrie ?,"Oui, il existe de nombreuses possibilités pour les étudiants d'acquérir une expérience pratique grâce à des projets ou des concours parrainés par l'industrie."
Comment puis-je accéder aux services de la bibliothèque universitaire hors ligne ?,"Aucun service de bibliothèque universitaire n'est disponible hors ligne."
Existe-t-il des possibilités de participer à des activités étudiantes ou à des clubs étudiants ?,"Oui, les clubs organisent des activités ouvertes auxquelles les étudiants peuvent participer."
Quelles compétences sont nécessaires pour réussir dans le domaine de l’informatique ?,"Tels que :Capacités de réflexion logique,Des talents pour la résolution des problèmes,Compétences analytiques,Capacité à manipuler des appareils électroniques,Auto-apprentissage et apprentissage continu et suivi,technologie et mises à jour continues"
Si je décide de changer de spécialisation que dois-je faire ?,"Vous devez introduire une demande de changement de spécialisation auprès de la gestion des admissions et des inscriptions, elle sera étudiée et décidée selon les politiques de l'université."
Le collège offre-t-il des programmes éducatifs supplémentaires tels que des cours de langue ou des cours de développement personnel ?,"Oui, le collège propose des programmes éducatifs supplémentaires tels que des cours de langue, des ateliers et des programmes de développement personnel pour améliorer les compétences des étudiants."
Quelles étapes sont nécessaires pour communiquer avec un professeur afin de demander de l'aide ou de planifier une consultation ?,"Vous pouvez communiquer avec votre professeur par courriel ou vous rendre à son bureau pendant les heures annoncées d'accueil des étudiants."
Quelles sont les différences entre un mémoire et une recherche scientifique au programme de maîtrise ?,"Un mémoire est un travail de recherche entrepris par l'étudiant à la fin du programme de maîtrise et présenté comme condition d'obtention du diplôme, tandis que la recherche scientifique fait référence aux recherches et aux études menées par l'étudiant au cours de sa période d'études."
Le collège offre-t-il des formations (ateliers) aux étudiants ?,"Oui, le collège offre plusieurs formations et ateliers pour les étudiants dans divers domaines de l'informatique, tels que :Programmation informatique,Réseaux,Systèmes d'exploitation,Bases de données,Intelligence artificielle,La cyber-sécurité"
Quelles spécialisations sont disponibles dans le programme d'études supérieures en informatique ?,"Maîtrise d'informatique,Master en génie logiciel,Master des Systèmes d'Information,Master en Réseaux Distribués et Informatique,Master en sécurité de l'information,Doctorat. en informatique"
Quelles sont les opportunités d'emploi pour les diplômés en informatique ?,"Il existe de nombreuses opportunités d'emploi pour les diplômés en informatique dans divers domaines, tels que :La programmation,Développement de logiciels,L'analyse des données,Sécurité des informations,Réseaux,Gestion de projet"
Combien de spécialisations y a-t-il dans le master ?,"Il existe 5 spécialisations dans le master"
Quels sont les tarifs d'admission aux spécialisations de master ?,"Les tarifs d'admission aux spécialisations de master varient selon la spécialisation."
Existe-t-il des opportunités de développement professionnel permettant aux étudiants d'améliorer leurs compétences techniques et de suivre les progrès de l'industrie ?,"Il existe de nombreuses opportunités de développement professionnel permettant aux étudiants d'améliorer leurs compétences techniques et de suivre les progrès de l'industrie, telles que :Des programmes de formation,Ateliers et séminaires,Programmes de formation en ligne"
Comment le collège soutient-il les initiatives ou les clubs dirigés par des étudiants et axés sur des domaines d'intérêt spécifiques en informatique ?,"Le collège soutient des initiatives ou des clubs dirigés par des étudiants et axés sur des domaines d'intérêt spécifiques en informatique en :Fournir un financement,Offrant de l'espace,Fournir un soutien"
Existe-t-il des possibilités pour les étudiants d'acquérir une expérience pratique grâce à des projets ou des concours parrainés par l'industrie ?,"Oui, il existe de nombreuses possibilités pour les étudiants d'acquérir une expérience pratique grâce à des projets ou des concours parrainés par l'industrie."
Quelles sont les opportunités d'emploi après l'obtention d'un master par rapport à un baccalauréat ?,"Généralement, les titulaires d'une maîtrise peuvent bénéficier de possibilités d'emploi plus spécialisées et avancées dans les domaines de leur choix, tandis que des possibilités d'emploi plus générales et largement disponibles peuvent être accessibles aux titulaires d'un baccalauréat."
Y a-t-il des différences dans les exigences et les défis entre les étudiants du programme de maîtrise et ceux du programme de baccalauréat ?,"Oui, les exigences et les défis du programme de maîtrise sont souvent plus exigeants et complexes que ceux du programme de licence, car il oblige les étudiants à s'engager dans des recherches avancées et à produire des thèses et des mémoires scientifiques."
Est-ce que la spécialisation Gl est disponible à la faculté ?,"Oui, elle est disponible mais n'a pas encore commencé en raison du faible nombre d'élèves."
Quand est-ce que les rattrapages des devoirs auront lieu ?,"Généralement après les examens finaux à la fin de l'année."
Quelles sont les spécialités en informatique ?,"Il y a des spécialités telles que : CS, QC, Rsd, Idtw, F3i, Ifia."
Quelles sont les matières principales sur lesquelles je devrais me concentrer en informatique ?,"Les matières principales du programme incluent la programmation, les bases de données, les réseaux, la sécurité de l'information, l'intelligence artificielle, le développement d'applications web et mobiles, etc."
Y a-t-il un programme d'échange d'étudiants avec d'autres universités ?,"Oui, il y a un programme d'échange d'étudiants avec de nombreuses universités en Algérie et à l'étranger."
Quand auront lieu les examens du deuxième semestre ?,"Le 21 mai 2024"
Combien de matières sont enseignées en troisième année d'informatique ?,"4 matières"
Comment calculer la moyenne ?,"(0,4 * travaux pratiques + 0,6 * note de l'examen) * coefficient de la matière."
Quel est le coefficient des matières de troisième année pour le semestre 1 ?,"Semestre 1:ENVS = 1 •Ps = 2 • Pl = 2:• Gl = 3:• IHM = 3:• Comp = 3:• SE = 3 Semestre 2:• AI = 3:• APM = 3:• DSS = 3:• CS = 3"
Comment les étudiants sont-ils évalués pour la note des travaux dirigés ?,": La méthode d'évaluation varie d'un enseignant à l'autre, mais généralement : • 5 points pour la présence en classe • 5 points pour la participation en classe • 10 points pour les devoirs"
La présence en classe est-elle obligatoire ?,"La présence n'est pas obligatoire mais elle est recommandée car l'élève peut en bénéficier davantage."
Qui sont les enseignants responsables du cours de structure de l'ordinateur ?,"Professeur Khentout."
Comment choisir la spécialisation souhaitée pour le master ?,"En accédant à votre compte sur l'application Moodle et en vous rendant à la page de choix pour sélectionner la spécialisation désirée parmi celles disponibles."
Pouvons-nous utiliser les ordinateurs des laboratoires en dehors des cours pratiques ?,"Oui, vous pouvez utiliser les ordinateurs après avoir obtenu la permission du responsable du laboratoire."
Est-ce qu'un étudiant en informatique doit acheter un ordinateur ou non ?,"Il n'est pas nécessaire de posséder un ordinateur pour étudier l'informatique car les ordinateurs sont disponibles dans les laboratoires de la faculté et avec l'évolution de la technologie, il est possible de programmer même à partir d'un téléphone."
Combien de crédits sont nécessaires pour passer à l'année suivante ?,"Le nombre de crédits requis pour passer à l'année suivante est de 60."
Combien de crédits sont nécessaires pour passer à l'année suivante en dette ?,"Le nombre de crédits requis pour passer à l'année suivante en dette est de 30."
Quelle est la note de passage pour cette année ?,"Après la réunion des enseignants et la compilation des notes, elle sera annoncée sur le site web de la faculté."
Comment puis-je accéder aux services de la bibliothèque universitaire autrement qu'en ligne ?,"Il n'y a pas de services de bibliothèque universitaire disponibles en dehors d'Internet."
Y a-t-il des opportunités pour rejoindre des activités étudiantes ou des clubs étudiants ?,"Oui, les clubs organisent des activités ouvertes aux étudiants pour les rejoindre."
Quelles sont les compétences nécessaires pour réussir dans le domaine de l'informatique ?,"Telles que :,Compétences en pensée logique,Compétences en résolution de problèmes,Compétences analytiques,Capacité à travailler avec des appareils électroniques,Apprentissage autonome et continu et adaptation à la technologie et aux mises à jour constantes."
Quelles sont les étapes nécessaires pour changer de spécialisation ?,"Vous devez soumettre une demande de changement de spécialisation au bureau des admissions et de l'inscription, qui sera ensuite étudiée et décidée conformément aux politiques de l'université."
La faculté propose-t-elle des programmes éducatifs supplémentaires tels que des cours de langue ou des cours de développement personnel ?,"Oui, la faculté propose des programmes éducatifs supplémentaires tels que des cours de langue, des ateliers et des programmes de développement personnel pour renforcer les compétences des étudiants."
Quelles sont les étapes pour choisir un superviseur pour le mémoire en master ?,"Vous pouvez choisir un superviseur de mémoire en fonction de votre spécialisation et de vos intérêts de recherche, de préférence quelqu'un ayant de l'expérience dans le domaine dans lequel vous souhaitez faire votre recherche."
Puis-je rejoindre un programme de master après plusieurs années après l'obtention du diplôme ?,"Oui, vous pouvez rejoindre un programme de master plusieurs années après l'obtention du diplôme, dans la catégorie des 20%."
Quelles sont les opportunités disponibles pour les étudiants en master après l'obtention du diplôme ?,"Les opportunités incluent la poursuite des études supérieures pour obtenir un doctorat, travailler dans les secteurs académique et industriel, participer à des programmes de formation et de développement professionnel, et créer des start-ups ou travailler en freelance dans le domaine spécialisé."
Quelle est la différence principale entre un diplôme de master et un diplôme de licence ?,"La différence principale réside dans le niveau d'études et de spécialisation. Le diplôme de licence représente une étape de premier cycle offrant une éducation générale et fondamentale dans un domaine spécifique, tandis que le diplôme de master représente une étape avancée axée sur la recherche et la spécialisation dans le même domaine."
Quelle est la complexité et la profondeur des matières enseignées dans le programme de master par rapport au programme de licence ?,"En général, les matières du programme de master sont plus complexes et approfondies que celles enseignées dans le programme de licence, car elles se concentrent sur la recherche scientifique et l'analyse approfondie des sujets et des concepts."
Y a-t-il une différence dans les exigences et les défis entre les étudiants en master et en licence ?,"Oui, souvent, les exigences et les défis en master sont plus difficiles et complexes par rapport au programme de licence, car ils exigent des étudiants des recherches avancées et la production de thèses et de travaux scientifiques."
Quelles sont les opportunités d'emploi après l'obtention d'un diplôme de master par rapport à un diplôme de licence ?,"En général, les titulaires d'un diplôme de master peuvent bénéficier de possibilités d'emploi plus spécialisées et avancées dans leurs domaines choisis, tandis que les opportunités d'emploi plus générales sont disponibles pour les diplômés de licence."
Quelles sont les opportunités d'emploi après l'obtention d'un diplôme de master par rapport à un diplôme de licence ?,"En général, les titulaires d'un diplôme de master peuvent bénéficier de possibilités d'emploi plus spécialisées et avancées dans leurs domaines choisis, tandis que les opportunités d'emploi plus générales sont disponibles pour les diplômés de licence."
Quelle est la spécialité la plus demandée en master ?,"La spécialité la plus demandée en master varie selon l'année."
Quel est le taux de réussite pour les étudiants en master ?,"Le taux de réussite pour les étudiants en master varie selon la spécialité."
Y a-t-il des programmes d'assistance aux étudiants pour l'apprentissage supplémentaire ou la recherche ?,"Oui, il existe des programmes d'assistance aux étudiants pour l'apprentissage supplémentaire ou la recherche, tels que des ateliers, des projets de recherche, des compétitions techniques, et des ateliers organisés par les collèges et les départements académiques."
Quelles sont les compétences nécessaires pour réussir dans le domaine de l'informatique ?,"Les compétences nécessaires pour réussir dans le domaine de l'informatique comprennent la programmation, l'analyse mathématique, la créativité, les compétences en communication, une compréhension approfondie des réseaux et de la cybersécurité, et la capacité à résoudre les problèmes."
Qui passe les examens de rattrapage ?,"Tout étudiant ayant obtenu une moyenne annuelle ≥ 10 avec ou sans compensation entre les semestres ne peut pas passer les examens de rattrapage dans une matière même non acquise."
Quelles sont les opportunités de développement professionnel disponibles pour les étudiants pour améliorer leurs compétences techniques et suivre l'évolution de l'industrie ?,"Il existe de nombreuses opportunités de développement professionnel disponibles pour les étudiants pour améliorer leurs compétences techniques et suivre l'évolution de l'industrie, telles que : ,Programmes de formation,Ateliers et séminaires,Programmes de formation en ligne"
Comment la faculté soutient-elle les initiatives ou les clubs dirigés par des étudiants qui se concentrent sur des domaines spécifiques d'informatique ?,"La faculté soutient les initiatives ou les clubs dirigés par des étudiants qui se concentrent sur des domaines spécifiques d'informatique en fournissant un financement, un espace et un soutien."
Y a-t-il des opportunités pour les étudiants d'acquérir une expérience pratique grâce à des projets ou à des concours parrainés par l'industrie ?,"Oui, il existe de nombreuses opportunités pour les étudiants d'acquérir une expérience pratique grâce à des projets ou à des concours parrainés par l'industrie."
Quels sont les services de soutien disponibles pour les étudiants handicapés ou ayant des besoins spéciaux au sein du département d'informatique ?,"La faculté offre de nombreux services de soutien aux étudiants handicapés ou ayant des besoins spéciaux au sein du département d'informatique, tels que : ,La fourniture de technologies d'assistance,Un soutien académique,Des installations de logement appropriées"
Quelles sont les conditions d'admission au programme de licence en informatique ?,"Un baccalauréat en mathématiques ou en sciences expérimentales,Une moyenne de réussite au baccalauréat d'au moins 12/20,Réussir le concours d'admission."
Quelles sont les opportunités d'emploi après l'obtention du diplôme ?,"Les opportunités d'emploi après l'obtention du diplôme sont vastes et variées. Les diplômés peuvent travailler en tant que programmeurs, ingénieurs logiciels, analystes de données, responsables de bases de données, développeurs d'applications web et mobiles, et dans d'autres domaines connexes."
Quelles sont les ressources disponibles pour soutenir les étudiants internationaux ?,"Les ressources disponibles pour soutenir les étudiants internationaux comprennent des cours de langue, des conseils académiques, un soutien social, un logement, une assurance santé et des événements culturels."
Quelles sont les différences entre la thèse et la recherche scientifique dans le programme de master ?,"La thèse est un travail de recherche réalisé par l'étudiant à la fin du programme de master et présenté comme une exigence pour l'obtention du diplôme, tandis que la recherche scientifique fait référence aux recherches et études menées par l'étudiant pendant son programme d'études."
La faculté propose-t-elle des cours de formation ou des ateliers pour les étudiants ?,"Oui, la faculté propose de nombreux cours de formation et des ateliers pour les étudiants dans divers domaines de l'informatique, tels que la programmation, les réseaux, les systèmes d'exploitation, les bases de données, l'intelligence artificielle et la cybersécurité."
Quelles sont les spécialisations disponibles dans le programme d'études supérieures en informatique ?,"Les spécialisations disponibles dans le programme d'études supérieures en informatique comprennent :,Master en informatique,Master en génie logiciel,Master en systèmes d'information,Master en réseaux et informatique distribuée,Master en sécurité informatique,Doctorat en informatique"
Quelles sont les opportunités d'emploi pour les diplômés en informatique ?,": Il existe de nombreuses opportunités d'emploi pour les diplômés en informatique dans divers domaines, tels que :,Programmation,Développement de logiciels,Analyse de données,Sécurité informatique,Réseaux,Gestion de projet"